2003.08.30,17:00,1341.0,1380.0,1333.0,1362.0,74
2003.09.06,17:00,1362.0,1387.0,1328.0,1358.0,115
2003.09.13,17:00,1358.0,1407.0,1346.0,1392.0,89
2003.09.20,17:00,1392.0,1392.0,1309.0,1309.0,84
2003.09.27,17:00,1309.0,1386.0,1302.0,1375.0,103
2003.10.04,17:00,1375.0,1418.0,1368.0,1405.0,71
2003.10.11,17:00,1405.0,1440.0,1392.0,1394.0,86
2003.10.18,17:00,1394.0,1425.0,1346.0,1371.0,136
2003.10.25,17:00,1371.0,1438.0,1369.0,1416.0,94
2003.11.01,17:00,1416.0,1453.0,1414.0,1437.0,58
2003.11.08,17:00,1437.0,1448.0,1401.0,1408.0,66
2003.11.15,17:00,1408.0,1408.0,1357.0,1373.0,68
2003.11.22,17:00,1373.0,1427.0,1373.0,1424.0,58
2003.11.29,17:00,1424.0,1452.0,1406.0,1407.0,76
2003.12.06,17:00,1407.0,1425.0,1373.0,1417.0,95
2003.12.13,17:00,1417.0,1443.0,1385.0,1426.0,108
2003.12.20,17:00,1426.0,1451.0,1420.0,1444.0,45
2003.12.27,17:00,1444.0,1480.0,1444.0,1464.0,53
2004.01.03,17:00,1464.0,1542.0,1464.0,1520.0,101
2004.01.10,17:00,1520.0,1554.0,1513.0,1554.0,49
2004.01.17,17:00,1554.0,1559.0,1520.0,1531.0,56
2004.01.24,17:00,1531.0,1554.0,1474.0,1493.0,123
2004.01.31,17:00,1493.0,1508.0,1461.0,1499.0,89
2004.02.07,17:00,1499.0,1516.0,1479.0,1484.0,60
2004.02.14,17:00,1484.0,1524.0,1471.0,1482.0,105
2004.02.21,17:00,1482.0,1489.0,1452.0,1470.0,63
2004.02.28,17:00,1470.0,1495.0,1457.0,1473.0,74
2004.03.06,17:00,1473.0,1481.0,1402.0,1431.0,117
2004.03.13,17:00,1431.0,1432.0,1394.0,1399.0,45
2004.03.20,17:00,1399.0,1431.0,1368.0,1415.0,111
2004.03.27,17:00,1415.0,1490.0,1415.0,1490.0,76
2004.04.03,17:00,1490.0,1508.0,1476.0,1486.0,61
2004.04.10,17:00,1486.0,1503.0,1441.0,1449.0,88
2004.04.17,17:00,1449.0,1497.0,1434.0,1497.0,79
2004.04.24,17:00,1497.0,1499.0,1401.0,1401.0,101
2004.05.01,17:00,1401.0,1438.0,1401.0,1406.0,70
2004.05.08,17:00,1406.0,1426.0,1379.0,1400.0,89
2004.05.15,17:00,1400.0,1428.0,1372.0,1408.0,105
2004.05.22,17:00,1408.0,1469.0,1406.0,1466.0,69
2004.05.29,17:00,1466.0,1474.0,1445.0,1455.0,48
2004.06.05,17:00,1455.0,1496.0,1455.0,1481.0,57
2004.06.12,17:00,1481.0,1488.0,1452.0,1465.0,57
2004.06.19,17:00,1465.0,1504.0,1449.0,1498.0,78
2004.06.26,17:00,1498.0,1523.0,1474.0,1481.0,82
2004.07.03,17:00,1481.0,1481.0,1431.0,1440.0,60
2004.07.10,17:00,1440.0,1440.0,1392.0,1392.0,49
2004.07.17,17:00,1392.0,1433.0,1371.0,1375.0,108
2004.07.24,17:00,1375.0,1412.0,1359.0,1400.0,82
2004.07.31,17:00,1400.0,1408.0,1315.0,1315.0,102
2004.08.07,17:00,1315.0,1347.0,1302.0,1308.0,84
2004.08.14,17:00,1308.0,1373.0,1308.0,1367.0,72
2004.08.21,17:00,1367.0,1393.0,1361.0,1389.0,43
2004.08.28,17:00,1389.0,1402.0,1354.0,1372.0,80
2004.09.04,17:00,1372.0,1415.0,1372.0,1413.0,46
2004.09.11,17:00,1413.0,1436.0,1413.0,1426.0,34
2004.09.18,17:00,1426.0,1441.0,1398.0,1399.0,60
2004.09.25,17:00,1399.0,1453.0,1377.0,1453.0,99
2004.10.02,17:00,1453.0,1475.0,1428.0,1431.0,73
2004.10.09,17:00,1431.0,1454.0,1416.0,1431.0,77
2004.10.16,17:00,1431.0,1478.0,1425.0,1438.0,100
2004.10.23,17:00,1438.0,1497.0,1424.0,1487.0,98
2004.10.30,17:00,1487.0,1535.0,1480.0,1525.0,73
2004.11.06,17:00,1525.0,1558.0,1514.0,1558.0,56
2004.11.13,17:00,1558.0,1582.0,1542.0,1552.0,75
2004.11.20,17:00,1552.0,1587.0,1547.0,1578.0,55
2004.11.27,17:00,1578.0,1632.0,1567.0,1614.0,95
2004.12.04,17:00,1614.0,1628.0,1578.0,1605.0,92
2004.12.11,17:00,1605.0,1636.0,1596.0,1597.0,73
2004.12.18,17:00,1597.0,1620.0,1587.0,1614.0,50
2004.12.25,17:00,1614.0,1630.0,1600.0,1621.0,54
2005.01.01,17:00,1621.0,1635.0,1551.0,1565.0,113
2005.01.08,17:00,1565.0,1578.0,1543.0,1561.0,67
2005.01.15,17:00,1561.0,1574.0,1502.0,1504.0,88
2005.01.22,17:00,1504.0,1513.0,1481.0,1499.0,60
2005.01.29,17:00,1499.0,1535.0,1499.0,1534.0,38
2005.02.05,17:00,1534.0,1542.0,1497.0,1531.0,88
2005.02.12,17:00,1531.0,1561.0,1513.0,1515.0,81
2005.02.19,17:00,1515.0,1528.0,1490.0,1527.0,65
2005.02.26,17:00,1527.0,1541.0,1498.0,1521.0,81
2005.03.05,17:00,1521.0,1553.0,1502.0,1506.0,88
2005.03.12,17:00,1506.0,1520.0,1475.0,1484.0,69
2005.03.19,17:00,1484.0,1491.0,1463.0,1470.0,43
2005.03.26,17:00,1470.0,1496.0,1458.0,1469.0,76
2005.04.02,17:00,1469.0,1503.0,1461.0,1486.0,68
2005.04.09,17:00,1486.0,1492.0,1408.0,1409.0,92
2005.04.16,17:00,1409.0,1448.0,1405.0,1421.0,75
2005.04.23,17:00,1421.0,1447.0,1394.0,1421.0,107
2005.04.30,17:00,1421.0,1461.0,1416.0,1456.0,56
2005.05.07,17:00,1456.0,1479.0,1433.0,1471.0,78
2005.05.14,17:00,1471.0,1528.0,1466.0,1528.0,68
2005.05.21,17:00,1528.0,1551.0,1524.0,1550.0,33
2005.05.28,17:00,1550.0,1569.0,1539.0,1544.0,55
2005.06.04,17:00,1544.0,1560.0,1516.0,1521.0,66
2005.06.11,17:00,1521.0,1551.0,1511.0,1538.0,64
2005.06.18,17:00,1538.0,1549.0,1500.0,1500.0,61
2005.06.25,17:00,1500.0,1513.0,1490.0,1491.0,38
2005.07.02,17:00,1491.0,1534.0,1484.0,1533.0,59
2005.07.09,17:00,1533.0,1582.0,1533.0,1578.0,54
2005.07.16,17:00,1578.0,1611.0,1570.0,1601.0,60
2005.07.23,17:00,1601.0,1620.0,1591.0,1605.0,55
2005.07.30,17:00,1605.0,1629.0,1600.0,1602.0,56
2005.08.06,17:00,1602.0,1610.0,1581.0,1592.0,49
2005.08.13,17:00,1592.0,1607.0,1572.0,1574.0,53
2005.08.20,17:00,1574.0,1589.0,1553.0,1559.0,58
2005.08.27,17:00,1559.0,1588.0,1551.0,1573.0,61
2005.09.03,17:00,1573.0,1610.0,1573.0,1608.0,40
2005.09.10,17:00,1608.0,1619.0,1585.0,1599.0,60
2005.09.17,17:00,1599.0,1604.0,1552.0,1572.0,78
2005.09.24,17:00,1572.0,1602.0,1561.0,1602.0,53
2005.10.01,17:00,1602.0,1618.0,1540.0,1556.0,111
2005.10.08,17:00,1556.0,1561.0,1515.0,1544.0,81
2005.10.15,17:00,1544.0,1576.0,1527.0,1565.0,78
2005.10.22,17:00,1565.0,1593.0,1539.0,1557.0,101
2005.10.29,17:00,1557.0,1632.0,1557.0,1628.0,80
2005.11.05,17:00,1628.0,1660.0,1621.0,1653.0,54
2005.11.12,17:00,1653.0,1690.0,1639.0,1680.0,76
2005.11.19,17:00,1680.0,1704.0,1673.0,1701.0,42
2005.11.26,17:00,1701.0,1709.0,1671.0,1709.0,69
2005.12.03,17:00,1709.0,1717.0,1675.0,1693.0,69
2005.12.10,17:00,1693.0,1712.0,1688.0,1689.0,45
2005.12.17,17:00,1689.0,1695.0,1658.0,1683.0,69
2005.12.24,17:00,1683.0,1694.0,1642.0,1645.0,67
2005.12.31,17:00,1645.0,1736.0,1634.0,1735.0,115
2006.01.07,17:00,1735.0,1761.0,1730.0,1747.0,51
2006.01.14,17:00,1747.0,1747.0,1674.0,1676.0,76
2006.01.21,17:00,1676.0,1723.0,1670.0,1711.0,72
2006.01.28,17:00,1711.0,1721.0,1658.0,1665.0,81
2006.02.04,17:00,1665.0,1682.0,1637.0,1664.0,90
2006.02.11,17:00,1664.0,1689.0,1639.0,1675.0,90
2006.02.18,17:00,1675.0,1688.0,1651.0,1677.0,73
2006.02.25,17:00,1677.0,1706.0,1666.0,1684.0,74
2006.03.04,17:00,1684.0,1691.0,1634.0,1648.0,79
2006.03.11,17:00,1648.0,1703.0,1648.0,1686.0,73
2006.03.18,17:00,1686.0,1708.0,1661.0,1680.0,89
2006.03.25,17:00,1680.0,1720.0,1668.0,1704.0,81
2006.04.01,17:00,1704.0,1750.0,1704.0,1723.0,74
2006.04.08,17:00,1723.0,1728.0,1697.0,1712.0,52
2006.04.15,17:00,1712.0,1741.0,1684.0,1709.0,112
2006.04.22,17:00,1709.0,1728.0,1688.0,1701.0,73
2006.04.29,17:00,1701.0,1716.0,1679.0,1714.0,62
2006.05.06,17:00,1714.0,1719.0,1635.0,1636.0,91
2006.05.13,17:00,1636.0,1640.0,1576.0,1601.0,94
2006.05.20,17:00,1601.0,1606.0,1555.0,1606.0,98
2006.05.27,17:00,1606.0,1626.0,1568.0,1613.0,110
2006.06.03,17:00,1613.0,1613.0,1526.0,1551.0,113
2006.06.10,17:00,1551.0,1577.0,1512.0,1563.0,119
2006.06.17,17:00,1563.0,1586.0,1544.0,1551.0,73
2006.06.24,17:00,1551.0,1591.0,1521.0,1575.0,117
2006.07.01,17:00,1575.0,1586.0,1529.0,1534.0,74
2006.07.08,17:00,1534.0,1543.0,1456.0,1462.0,103
2006.07.15,17:00,1462.0,1498.0,1447.0,1452.0,93
2006.07.22,17:00,1452.0,1511.0,1452.0,1510.0,61
2006.07.29,17:00,1510.0,1530.0,1476.0,1504.0,103
2006.08.05,17:00,1504.0,1518.0,1476.0,1487.0,68
2006.08.12,17:00,1487.0,1585.0,1487.0,1576.0,108
2006.08.19,17:00,1576.0,1578.0,1543.0,1558.0,53
2006.08.26,17:00,1558.0,1594.0,1552.0,1589.0,54
2006.09.02,17:00,1589.0,1605.0,1560.0,1575.0,77
2006.09.09,17:00,1575.0,1646.0,1558.0,1632.0,120
2006.09.16,17:00,1632.0,1654.0,1609.0,1622.0,81
2006.09.23,17:00,1622.0,1666.0,1615.0,1654.0,71
2006.09.30,17:00,1654.0,1691.0,1623.0,1685.0,106
2006.10.07,17:00,1685.0,1729.0,1676.0,1727.0,65
2006.10.14,17:00,1727.0,1734.0,1693.0,1710.0,66
2006.10.21,17:00,1710.0,1746.0,1703.0,1718.0,79
2006.10.28,17:00,1718.0,1740.0,1693.0,1704.0,81
2006.11.04,17:00,1704.0,1763.0,1704.0,1751.0,72
2006.11.11,17:00,1751.0,1806.0,1750.0,1801.0,63
2006.11.18,17:00,1801.0,1824.0,1790.0,1816.0,54
2006.11.25,17:00,1816.0,1816.0,1760.0,1775.0,72
2006.12.02,17:00,1775.0,1811.0,1768.0,1786.0,76
2006.12.09,17:00,1786.0,1821.0,1771.0,1809.0,78
2006.12.16,17:00,1809.0,1821.0,1749.0,1749.0,85
2006.12.23,17:00,1749.0,1775.0,1746.0,1757.0,51
2006.12.30,17:00,1757.0,1799.0,1732.0,1785.0,107
2007.01.06,17:00,1785.0,1846.0,1777.0,1845.0,79
2007.01.13,17:00,1845.0,1848.0,1785.0,1797.0,79
2007.01.20,17:00,1797.0,1810.0,1763.0,1773.0,71
2007.01.27,17:00,1773.0,1807.0,1765.0,1798.0,60
2007.02.03,17:00,1798.0,1819.0,1777.0,1786.0,73
2007.02.10,17:00,1786.0,1824.0,1774.0,1821.0,66
2007.02.17,17:00,1821.0,1851.0,1808.0,1840.0,68
2007.02.24,17:00,1840.0,1849.0,1718.0,1726.0,149
2007.03.03,17:00,1726.0,1761.0,1711.0,1745.0,82
2007.03.10,17:00,1745.0,1758.0,1711.0,1742.0,92
2007.03.17,17:00,1742.0,1807.0,1742.0,1794.0,79
2007.03.24,17:00,1794.0,1803.0,1753.0,1772.0,79
2007.03.31,17:00,1772.0,1813.0,1762.0,1813.0,62
2007.04.07,17:00,1813.0,1819.0,1788.0,1817.0,59
2007.04.14,17:00,1817.0,1856.0,1817.0,1846.0,50
2007.04.21,17:00,1846.0,1897.0,1844.0,1891.0,62
2007.04.28,17:00,1891.0,1906.0,1857.0,1896.0,94
2007.05.05,17:00,1896.0,1909.0,1874.0,1899.0,68
2007.05.12,17:00,1899.0,1906.0,1867.0,1897.0,77
2007.05.19,17:00,1897.0,1925.0,1870.0,1889.0,103
2007.05.26,17:00,1889.0,1941.0,1884.0,1928.0,76
2007.06.02,17:00,1928.0,1936.0,1877.0,1906.0,97
2007.06.09,17:00,1906.0,1947.0,1888.0,1942.0,83
2007.06.16,17:00,1942.0,1949.0,1916.0,1922.0,47
2007.06.23,17:00,1922.0,1947.0,1900.0,1934.0,83
2007.06.30,17:00,1934.0,1989.0,1934.0,1988.0,57
2007.07.07,17:00,1988.0,2032.0,1966.0,2032.0,89
2007.07.14,17:00,2032.0,2060.0,2019.0,2036.0,79
2007.07.21,17:00,2036.0,2046.0,1956.0,1956.0,101
2007.07.28,17:00,1956.0,1993.0,1912.0,1919.0,126
2007.08.04,17:00,1919.0,1995.0,1897.0,1925.0,191
2007.08.11,17:00,1925.0,1947.0,1806.0,1889.0,247
2007.08.18,17:00,1889.0,1961.0,1874.0,1961.0,103
2007.08.25,17:00,1961.0,1994.0,1899.0,1989.0,163
2007.09.01,17:00,1989.0,2032.0,1950.0,1958.0,134
2007.09.08,17:00,1958.0,2006.0,1943.0,2001.0,84
2007.09.15,17:00,2001.0,2056.0,1975.0,2049.0,115
2007.09.22,17:00,2049.0,2102.0,2046.0,2091.0,71
2007.09.29,17:00,2091.0,2152.0,2089.0,2150.0,68
2007.10.06,17:00,2150.0,2194.0,2127.0,2178.0,107
2007.10.13,17:00,2178.0,2192.0,2131.0,2131.0,76
2007.10.20,17:00,2131.0,2205.0,2117.0,2195.0,113
2007.10.27,17:00,2195.0,2239.0,2182.0,2214.0,96
2007.11.03,17:00,2214.0,2224.0,2034.0,2034.0,201
2007.11.10,17:00,2034.0,2091.0,1980.0,2049.0,208
2007.11.17,17:00,2049.0,2064.0,1986.0,2029.0,137
2007.11.24,17:00,2029.0,2123.0,1988.0,2089.0,211
2007.12.01,17:00,2089.0,2135.0,2049.0,2130.0,132
2007.12.08,17:00,2130.0,2148.0,2070.0,2072.0,99
2007.12.15,17:00,2072.0,2112.0,2000.0,2112.0,185
2007.12.22,17:00,2112.0,2141.0,2092.0,2107.0,94
2007.12.29,17:00,2107.0,2107.0,1963.0,1964.0,146
2008.01.05,17:00,1964.0,1983.0,1890.0,1913.0,136
2008.01.12,17:00,1913.0,1953.0,1830.0,1844.0,178
2008.01.19,17:00,1844.0,1864.0,1693.0,1789.0,288
2008.01.26,17:00,1789.0,1865.0,1774.0,1855.0,117
2008.02.02,17:00,1855.0,1855.0,1715.0,1774.0,200
2008.02.09,17:00,1774.0,1825.0,1767.0,1780.0,111
2008.02.16,17:00,1780.0,1807.0,1739.0,1773.0,130
2008.02.23,17:00,1773.0,1809.0,1741.0,1745.0,109
2008.03.01,17:00,1745.0,1768.0,1682.0,1708.0,136
2008.03.08,17:00,1708.0,1765.0,1673.0,1714.0,179
2008.03.15,17:00,1714.0,1772.0,1669.0,1752.0,169
2008.03.22,17:00,1752.0,1832.0,1752.0,1768.0,145
2008.03.29,17:00,1768.0,1884.0,1768.0,1866.0,135
2008.04.05,17:00,1866.0,1886.0,1795.0,1799.0,116
2008.04.12,17:00,1799.0,1908.0,1777.0,1900.0,162
2008.04.19,17:00,1900.0,1943.0,1868.0,1919.0,132
2008.04.26,17:00,1919.0,1997.0,1913.0,1982.0,106
2008.05.03,17:00,1982.0,2001.0,1946.0,1960.0,89
2008.05.10,17:00,1960.0,2040.0,1959.0,2031.0,92
2008.05.17,17:00,2031.0,2051.0,1944.0,1959.0,143
2008.05.24,17:00,1959.0,2041.0,1959.0,2033.0,91
2008.05.31,17:00,2033.0,2056.0,1978.0,1990.0,114
2008.06.07,17:00,1990.0,1998.0,1910.0,1966.0,153
2008.06.14,17:00,1966.0,1993.0,1920.0,1928.0,109
2008.06.21,17:00,1928.0,1951.0,1829.0,1856.0,173
2008.06.28,17:00,1856.0,1875.0,1802.0,1816.0,107
2008.07.05,17:00,1816.0,1871.0,1784.0,1811.0,170
2008.07.12,17:00,1811.0,1863.0,1761.0,1823.0,193
2008.07.19,17:00,1823.0,1865.0,1784.0,1847.0,139
2008.07.26,17:00,1847.0,1875.0,1798.0,1827.0,135
2008.08.02,17:00,1827.0,1929.0,1802.0,1926.0,156
2008.08.09,17:00,1926.0,1974.0,1918.0,1958.0,81
2008.08.16,17:00,1958.0,1964.0,1886.0,1931.0,130
2008.08.23,17:00,1931.0,1931.0,1867.0,1873.0,71
2008.08.30,17:00,1873.0,1913.0,1740.0,1768.0,242
2008.09.06,17:00,1768.0,1801.0,1714.0,1767.0,174
2008.09.13,17:00,1767.0,1774.0,1606.0,1745.0,315
2008.09.20,17:00,1745.0,1745.0,1635.0,1672.0,148
2008.09.27,17:00,1672.0,1672.0,1469.0,1471.0,206
2008.10.04,17:00,1471.0,1471.0,1196.0,1270.0,350
2008.10.11,17:00,1270.0,1471.0,1192.0,1312.0,517
2008.10.18,17:00,1312.0,1353.0,1147.0,1202.0,303
2008.10.25,17:00,1202.0,1359.0,1168.0,1335.0,250
2008.11.01,17:00,1335.0,1383.0,1236.0,1272.0,232
2008.11.08,17:00,1272.0,1299.0,1110.0,1180.0,287
2008.11.15,17:00,1180.0,1188.0,1019.0,1086.0,245
2008.11.22,17:00,1086.0,1193.0,1086.0,1186.0,115
2008.11.29,17:00,1186.0,1186.0,1091.0,1178.0,183
2008.12.06,17:00,1178.0,1252.0,1156.0,1207.0,164
2008.12.13,17:00,1207.0,1244.0,1168.0,1217.0,143
2008.12.20,17:00,1217.0,1217.0,1169.0,1185.0,65
2008.12.27,17:00,1185.0,1266.0,1158.0,1264.0,138
2009.01.03,17:00,1264.0,1286.0,1218.0,1223.0,96
2009.01.10,17:00,1223.0,1225.0,1142.0,1198.0,142
2009.01.17,17:00,1198.0,1198.0,1137.0,1176.0,101
2009.01.24,17:00,1176.0,1245.0,1169.0,1180.0,149
2009.01.31,17:00,1180.0,1280.0,1168.0,1277.0,128
2009.02.07,17:00,1277.0,1287.0,1206.0,1237.0,123
2009.02.14,17:00,1237.0,1237.0,1153.0,1173.0,105
2009.02.21,17:00,1173.0,1184.0,1111.0,1117.0,91
2009.02.28,17:00,1117.0,1125.0,1044.0,1065.0,111
2009.03.07,17:00,1065.0,1174.0,1041.0,1165.0,718
2009.03.14,17:00,1165.0,1225.0,1141.0,1183.0,1846
2009.03.21,17:00,1183.0,1281.0,1183.0,1251.0,1947
2009.03.28,17:00,1251.0,1312.0,1203.0,1312.0,2149
2009.04.04,17:00,1312.0,1341.0,1265.0,1337.0,1319
2009.04.11,17:00,1337.0,1360.0,1293.0,1352.0,1598
2009.04.18,17:00,1352.0,1378.0,1300.0,1369.0,1903
2009.04.25,17:00,1369.0,1418.0,1350.0,1396.0,1883
2009.05.02,17:00,1396.0,1436.0,1375.0,1391.0,1770
2009.05.09,17:00,1391.0,1409.0,1336.0,1355.0,1716
2009.05.16,17:00,1355.0,1422.0,1342.0,1361.0,1801
2009.05.23,17:00,1361.0,1439.0,1342.0,1439.0,1730
2009.05.30,17:00,1439.0,1510.0,1429.0,1492.0,1811
2009.06.06,17:00,1492.0,1516.0,1465.0,1487.0,1565
2009.06.13,17:00,1487.0,1487.0,1438.0,1467.0,999
2009.06.20,17:00,1467.0,1483.0,1411.0,1477.0,1479
2009.06.27,17:00,1477.0,1497.0,1439.0,1444.0,1108
2009.07.04,17:00,1444.0,1447.0,1393.0,1419.0,1292
2009.07.11,17:00,1419.0,1525.0,1400.0,1524.0,1344
2009.07.18,17:00,1524.0,1603.0,1523.0,1597.0,1491
2009.07.25,17:00,1597.0,1631.0,1578.0,1601.0,1610
2009.08.01,17:00,1601.0,1632.0,1593.0,1619.0,1567
2009.08.08,17:00,1619.0,1638.0,1585.0,1609.0,1417
2009.08.15,17:00,1609.0,1639.0,1561.0,1636.0,1393
2009.08.22,17:00,1636.0,1668.0,1610.0,1641.0,2593
2009.08.29,17:00,1641.0,1648.0,1584.0,1638.0,1578
2009.09.05,17:00,1638.0,1690.0,1633.0,1685.0,1226
2009.09.12,17:00,1685.0,1740.0,1666.0,1724.0,864
2009.09.19,17:00,1724.0,1753.0,1691.0,1696.0,1110
2009.09.26,17:00,1696.0,1732.0,1650.0,1662.0,2335
2009.10.03,17:00,1662.0,1730.0,1658.0,1721.0,4485
2009.10.10,17:00,1721.0,1758.0,1716.0,1729.0,3068
2009.10.17,17:00,1729.0,1780.0,1724.0,1758.0,2799
2009.10.24,17:00,1758.0,1777.0,1678.0,1684.0,1701
2009.10.31,17:00,1684.0,1737.0,1651.0,1722.0,2372
2009.11.07,17:00,1722.0,1794.0,1722.0,1784.0,765
2009.11.14,17:00,1784.0,1814.0,1756.0,1760.0,699
2009.11.21,17:00,1760.0,1800.0,1722.0,1773.0,865
2009.11.28,17:00,1773.0,1815.0,1749.0,1807.0,1163
2009.12.05,17:00,1807.0,1811.0,1757.0,1800.0,935
2009.12.12,17:00,1800.0,1813.0,1775.0,1793.0,582
2009.12.19,17:00,1793.0,1867.0,1793.0,1867.0,635
2009.12.26,17:00,1867.0,1882.0,1863.0,1871.0,237
2010.01.02,17:00,1871.0,1891.0,1865.0,1881.0,575
2010.01.09,17:00,1881.0,1899.0,1850.0,1871.0,733
2010.01.16,17:00,1871.0,1895.0,1825.0,1832.0,1008
2010.01.23,17:00,1832.0,1832.0,1760.0,1775.0,1519
2010.01.30,17:00,1775.0,1793.0,1722.0,1737.0,1337
2010.02.06,17:00,1737.0,1783.0,1731.0,1778.0,5259
2010.02.07,00:00,1751.0,1782.0,1737.0,1777.0,7160
2010.02.13,17:00,1778.0,1830.0,1776.0,1821.0,1160
2010.02.14,00:00,1780.0,1830.0,1776.0,1821.0,8848
2010.02.20,17:00,1821.0,1832.0,1780.0,1819.0,1616
2010.02.21,00:00,1820.0,1832.0,1780.0,1819.0,9559
2010.02.27,17:00,1819.0,1889.0,1819.0,1886.0,2451
2010.02.28,00:00,1823.0,1889.0,1823.0,1886.0,7296
2010.03.06,17:00,1886.0,1931.0,1880.0,1923.0,539
2010.03.07,00:00,1885.0,1931.0,1880.0,1923.0,6414
2010.03.13,17:00,1923.0,1949.0,1906.0,1929.0,742
2010.03.14,00:00,1924.0,1949.0,1906.0,1929.0,6250
2010.03.20,21:00,1929.0,1975.0,1920.0,1951.0,3353
2010.03.21,00:00,1924.0,1975.0,1920.0,1951.0,10055
2010.03.27,21:00,1951.0,1978.0,1942.0,1963.0,2534
2010.03.28,00:00,1954.0,1978.0,1942.0,1965.0,8158
2010.04.03,21:00,1963.0,1993.0,1956.0,1992.0,2039
2010.04.04,00:00,1966.0,2002.0,1956.0,2000.0,7549
2010.04.10,21:00,1992.0,2039.0,1985.0,2013.0,1441
2010.04.11,00:00,2001.0,2039.0,1985.0,2005.0,10552
2010.04.18,00:00,2006.0,2054.0,1987.0,2051.0,14272
2010.04.25,00:00,2050.0,2060.0,1991.0,2007.0,24548
2010.05.02,00:00,2008.0,2039.0,1738.0,1881.0,46174
2010.05.09,00:00,1882.0,1982.0,1873.0,1906.0,42160
2010.05.16,00:00,1905.0,1933.0,1767.0,1818.0,67563
2010.05.23,00:00,1817.0,1873.0,1756.0,1856.0,47159
2010.05.30,00:00,1857.0,1903.0,1816.0,1819.0,35125
2010.06.06,00:00,1820.0,1851.0,1769.0,1851.0,27957
2010.06.13,00:00,1852.0,1932.0,1843.0,1928.0,19566
2010.06.20,00:00,1929.0,1940.0,1826.0,1839.0,25678
2010.06.27,00:00,1840.0,1850.0,1697.0,1721.0,40896
2010.07.04,00:00,1720.0,1813.0,1706.0,1811.0,17782
2010.07.11,00:00,1810.0,1866.0,1795.0,1799.0,20212
2010.07.18,00:00,1800.0,1878.0,1783.0,1875.0,23221
2010.07.25,00:00,1874.0,1901.0,1832.0,1868.0,22730
2010.08.01,00:00,1869.0,1913.0,1867.0,1903.0,20326
2010.08.08,00:00,1902.0,1918.0,1807.0,1818.0,25469
2010.08.15,00:00,1817.0,1862.0,1800.0,1831.0,28707
2010.08.22,00:00,1830.0,1842.0,1744.0,1795.0,35807
2010.08.29,00:00,1794.0,1869.0,1754.0,1867.0,31519
2010.09.05,00:00,1868.0,1902.0,1851.0,1900.0,20207
2010.09.12,00:00,1901.0,1972.0,1900.0,1952.0,14679
2010.09.19,00:00,1951.0,2033.0,1950.0,2029.0,23901
2010.09.26,00:00,2028.0,2030.0,1979.0,1991.0,28144
2010.10.03,00:00,1990.0,2030.0,1963.0,2027.0,23514
2010.10.10,00:00,2028.0,2098.0,2005.0,2096.0,18188
2010.10.17,00:00,2095.0,2109.0,2053.0,2104.0,16344
2010.10.24,00:00,2103.0,2138.0,2093.0,2132.0,14324
2010.10.31,00:00,2133.0,2192.0,2116.0,2184.0,15040
2010.11.07,00:00,2185.0,2199.0,2120.0,2138.0,15238
2010.11.14,00:00,2139.0,2152.0,2085.0,2147.0,14445
2010.11.21,00:00,2146.0,2163.0,2103.0,2149.0,12915
2010.11.28,00:00,2150.0,2193.0,2108.0,2191.0,16103
2010.12.05,00:00,2192.0,2216.0,2175.0,2210.0,12630
2010.12.12,00:00,2211.0,2226.0,2195.0,2217.0,12324
2010.12.19,00:00,2216.0,2239.0,2206.0,2223.0,6296
2010.12.26,00:00,2222.0,2236.0,2207.0,2222.0,4842
2011.01.02,00:00,2221.0,2282.0,2220.0,2270.0,10251
2011.01.09,00:00,2269.0,2325.0,2261.0,2319.0,10278
2011.01.16,00:00,2318.0,2346.0,2265.0,2267.0,11529
2011.01.23,00:00,2268.0,2335.0,2251.0,2258.0,12437
2011.01.30,00:00,2257.0,2338.0,2255.0,2335.0,10615
2011.02.06,00:00,2336.0,2380.0,2335.0,2378.0,8926
2011.02.13,00:00,2379.0,2403.0,2371.0,2390.0,8348
2011.02.20,00:00,2387.0,2388.0,2281.0,2340.0,12711
2011.02.27,00:00,2341.0,2378.0,2301.0,2359.0,14756
2011.03.06,00:00,2358.0,2373.0,2264.0,2287.0,19771
2011.03.13,00:00,2288.0,2302.0,2186.0,2233.0,33301
2011.03.20,00:00,2234.0,2331.0,2226.0,2321.0,14642
2011.03.27,00:00,2322.0,2358.0,2290.0,2343.0,12676
2011.04.03,00:00,2342.0,2350.0,2305.0,2330.0,11912
2011.04.10,00:00,2331.0,2331.0,2285.0,2307.0,14073
2011.04.17,00:00,2308.0,2383.0,2251.0,2378.0,10768
2011.04.24,00:00,2379.0,2418.0,2372.0,2409.0,8109
2011.05.01,00:00,2408.0,2429.0,2364.0,2382.0,13164
2011.05.08,00:00,2386.0,2415.0,2359.0,2361.0,13783
2011.05.15,00:00,2362.0,2373.0,2318.0,2340.0,16445
2011.05.22,00:00,2341.0,2341.0,2281.0,2332.0,12240
2011.05.29,00:00,2333.0,2381.0,2286.0,2292.0,11879
2011.06.05,00:00,2293.0,2299.0,2219.0,2219.0,14412
2011.06.12,00:00,2220.0,2255.0,2180.0,2188.0,17081
2011.06.19,00:00,2189.0,2260.0,2177.0,2205.0,14992
2011.06.26,00:00,2204.0,2363.0,2200.0,2358.0,14761
2011.07.03,00:00,2365.0,2424.0,2355.0,2397.0,11234
2011.07.10,00:00,2398.0,2401.0,2317.0,2353.0,20752
2011.07.17,00:00,2352.0,2432.0,2321.0,2407.0,19314
2011.07.24,00:00,2408.0,2437.0,2340.0,2388.0,21082
2011.07.31,00:00,2389.0,2397.0,2127.0,2143.0,40456
2011.08.07,00:00,2144.0,2192.0,1973.0,2189.0,84989
2011.08.14,00:00,2190.0,2214.0,2022.0,2034.0,44584
2011.08.21,00:00,2033.0,2169.0,2029.0,2167.0,36552
2011.08.28,00:00,2168.0,2267.0,2149.0,2158.0,30722
2011.09.04,00:00,2156.0,2242.0,2108.0,2154.0,32343
2011.09.11,00:00,2155.0,2308.0,2120.0,2284.0,35204
2011.09.18,00:00,2285.0,2336.0,2138.0,2227.0,43097
2011.09.25,00:00,2228.0,2289.0,2123.0,2134.0,45391
2011.10.02,00:00,2133.0,2231.0,2040.0,2221.0,48658
2011.10.09,00:00,2222.0,2377.0,2222.0,2374.0,39558
2011.10.16,00:00,2375.0,2392.0,2273.0,2336.0,42361
2011.10.23,00:00,2337.0,2413.0,2291.0,2390.0,32386
2011.10.30,00:00,2391.0,2397.0,2283.0,2362.0,37079
2011.11.06,00:00,2361.0,2403.0,2291.0,2364.0,39296
2011.11.13,00:00,2363.0,2375.0,2235.0,2241.0,38942
2011.11.20,00:00,2240.0,2244.0,2136.0,2181.0,33535
2011.11.27,00:00,2182.0,2344.0,2180.0,2315.0,27681
2011.12.04,00:00,2314.0,2344.0,2269.0,2322.0,30089
2011.12.11,00:00,2321.0,2326.0,2219.0,2238.0,29151
2011.12.18,00:00,2239.0,2295.0,2208.0,2286.0,22612
2011.12.25,00:00,2289.0,2300.0,2260.0,2278.0,8807
2012.01.01,00:00,2324.0,2363.0,2307.0,2350.0,13846
2012.01.08,00:00,2349.0,2389.0,2340.0,2372.0,16312
2012.01.15,00:00,2371.0,2444.0,2364.0,2430.0,13600
2012.01.22,00:00,2429.0,2478.0,2422.0,2458.0,16277
2012.01.29,00:00,2457.0,2532.0,2431.0,2523.0,15942
2012.02.05,00:00,2522.0,2567.0,2512.0,2561.0,15445
2012.02.12,00:00,2560.0,2602.0,2545.0,2598.0,18042
2012.02.19,00:00,2597.0,2610.0,2571.0,2603.0,13678
2012.02.26,00:00,2602.0,2649.0,2578.0,2641.0,18671
2012.03.04,00:00,2642.0,2651.0,2574.0,2646.0,18172
2012.03.11,00:00,2645.0,2723.0,2634.0,2717.0,16251
2012.03.18,00:00,2718.0,2752.0,2703.0,2740.0,16274
2012.03.25,00:00,2741.0,2793.0,2734.0,2763.0,15298
2012.04.01,00:00,2764.0,2792.0,2723.0,2727.0,14566
2012.04.08,00:00,2726.0,2751.0,2687.0,2694.0,20326
2012.04.15,00:00,2693.0,2738.0,2657.0,2674.0,25372
2012.04.22,00:00,2675.0,2749.0,2628.0,2743.0,21720
2012.04.29,00:00,2742.0,2756.0,2591.0,2602.0,17306
2012.05.06,00:00,2601.0,2651.0,2586.0,2606.0,25049
2012.05.13,00:00,2605.0,2617.0,2466.0,2479.0,30364
2012.05.20,00:00,2478.0,2562.0,2477.0,2538.0,29519
2012.05.27,00:00,2537.0,2571.0,2435.0,2437.0,26804
2012.06.03,00:00,2438.0,2603.0,2435.0,2594.0,27091
2012.06.10,00:00,2595.0,2597.0,2510.0,2581.0,26032
2012.06.17,00:00,2582.0,2631.0,2552.0,2573.0,26119
2012.06.24,00:00,2572.0,2620.0,2508.0,2615.0,24274
2012.07.01,00:00,2614.0,2660.0,2595.0,2607.0,17973
2012.07.08,00:00,2608.0,2629.0,2521.0,2579.0,21657
2012.07.15,00:00,2578.0,2662.0,2552.0,2610.0,20910
2012.07.22,00:00,2609.0,2650.0,2521.0,2642.0,29200
2012.07.29,00:00,2641.0,2685.0,2604.0,2680.0,26253
2012.08.05,00:00,2679.0,2725.0,2675.0,2719.0,15062
2012.08.12,00:00,2718.0,2779.0,2706.0,2776.0,13645
2012.08.19,00:00,2775.0,2801.0,2750.0,2784.0,16502
2012.08.26,00:00,2785.0,2795.0,2744.0,2766.0,15107
2012.09.02,00:00,2765.0,2835.0,2742.0,2820.0,15406
2012.09.09,00:00,2819.0,2864.0,2774.0,2850.0,16651
2012.09.16,00:00,2851.0,2876.0,2842.0,2861.0,11646
2012.09.23,00:00,2860.0,2862.0,2768.0,2788.0,17291
2012.09.30,00:00,2789.0,2846.0,2778.0,2807.0,18871
2012.10.07,00:00,2806.0,2808.0,2712.0,2715.0,19102
2012.10.14,00:00,2716.0,2784.0,2662.0,2666.0,18226
2012.10.21,00:00,2667.0,2700.0,2611.0,2657.0,24065
2012.10.28,00:00,2658.0,2700.0,2632.0,2645.0,13974
2012.11.04,00:00,2646.0,2697.0,2559.0,2584.0,24118
2012.11.11,00:00,2583.0,2600.0,2493.0,2544.0,25567
2012.11.18,00:00,2545.0,2639.0,2539.0,2628.0,13187
2012.11.25,00:00,2627.0,2691.0,2613.0,2680.0,17085
2012.12.02,00:00,2679.0,2699.0,2621.0,2638.0,19240
2012.12.09,00:00,2637.0,2696.0,2619.0,2639.0,15794
2012.12.16,00:00,2638.0,2715.0,2614.0,2663.0,17818
2012.12.23,00:00,2664.0,2664.0,2588.0,2594.0,9753
2012.12.30,00:00,2593.0,2750.0,2584.0,2719.0,11647
2013.01.06,00:00,2718.0,2749.0,2703.0,2746.0,14001
2013.01.13,00:00,2745.0,2756.0,2709.0,2741.0,14038
2013.01.20,00:00,2740.0,2773.0,2713.0,2732.0,12547
2013.01.27,00:00,2731.0,2768.0,2720.0,2757.0,13102
2013.02.03,00:00,2758.0,2780.0,2713.0,2778.0,13628
2013.02.10,00:00,2777.0,2784.0,2754.0,2758.7,10326
2013.02.17,00:00,2758.5,2785.5,2698.7,2737.7,44065
2013.02.24,00:00,2738.0,2763.8,2688.2,2744.3,71612
2013.03.03,00:00,2744.5,2812.8,2732.0,2797.3,47974
2013.03.10,00:00,2797.0,2812.3,2751.2,2760.7,34805
2013.03.17,00:00,2761.0,2808.8,2747.5,2805.5,55736
2013.03.24,00:00,2805.3,2814.3,2770.0,2812.6,40249
2013.03.31,00:00,2812.8,2822.3,2736.8,2764.8,54278
2013.04.07,00:00,2765.0,2857.5,2756.2,2842.5,49498
2013.04.14,00:00,2842.3,2850.1,2723.0,2771.0,77231
2013.04.21,00:00,2771.3,2853.6,2770.3,2833.3,66827
2013.04.28,00:00,2833.0,2946.8,2826.7,2937.0,49699
2013.05.05,00:00,2937.3,2977.3,2935.5,2976.1,45201
2013.05.12,00:00,2969.0,3027.5,2959.7,3023.3,50739
2013.05.19,00:00,3019.8,3052.6,2960.5,2992.0,72075
2013.05.26,00:00,2991.0,3036.0,2976.2,2976.5,61294
2013.06.02,00:00,2979.8,3006.1,2909.5,2983.8,91353
2013.06.09,00:00,2980.3,3003.3,2897.3,2940.3,79543
2013.06.16,00:00,2940.0,3002.8,2845.2,2863.5,102544
2013.06.23,00:00,2864.8,2920.1,2817.3,2900.1,84096
2013.06.30,00:00,2905.3,2970.3,2893.5,2961.6,61183
2013.07.07,00:00,2960.0,3069.5,2948.0,3064.0,60727
2013.07.14,00:00,3063.3,3085.8,3029.8,3042.5,49311
2013.07.21,00:00,3045.0,3072.5,3022.7,3071.8,49059
2013.07.28,00:00,3069.8,3137.1,3055.8,3135.6,51619
2013.08.04,00:00,3138.1,3143.7,3094.4,3114.6,46084
2013.08.11,00:00,3112.8,3147.8,3066.2,3067.7,43023
2013.08.18,00:00,3065.0,3124.8,3053.2,3120.0,42165
2013.08.25,00:00,3118.3,3145.1,3050.5,3076.8,47003
2013.09.01,00:00,3087.3,3147.1,3074.0,3132.8,42661
2013.09.08,00:00,3129.8,3187.1,3129.8,3179.6,40571
2013.09.15,00:00,3207.9,3243.7,3161.4,3217.5,47179
2013.09.22,00:00,3221.0,3234.8,3193.7,3220.2,39892
2013.09.29,00:00,3209.3,3249.3,3176.3,3232.6,48684
2013.10.06,00:00,3221.3,3230.6,3108.8,3226.6,53165
2013.10.13,00:00,3197.5,3345.8,3194.7,3343.8,50861
2013.10.20,00:00,3342.8,3390.3,3320.3,3374.1,48235
2013.10.27,00:00,3373.0,3399.3,3355.5,3365.5,45355
2013.11.03,00:00,3365.0,3395.8,3308.2,3358.0,46377
2013.11.10,00:00,3359.3,3419.1,3336.3,3415.1,41605
2013.11.17,00:00,3414.5,3423.5,3356.5,3418.8,44145
2013.11.24,00:00,3420.0,3494.3,3418.2,3489.3,24558
2013.12.01,00:00,3492.3,3508.8,3451.5,3504.6,39631
2013.12.08,00:00,3506.5,3522.5,3447.7,3456.0,37842
2013.12.15,00:00,3455.8,3535.1,3420.3,3529.3,36725
2013.12.22,00:00,3539.8,3584.8,3539.3,3567.6,17135
2013.12.29,00:00,3568.0,3586.0,3529.2,3529.5,19818
2014.01.05,00:00,3528.5,3574.5,3504.0,3559.3,37083
2014.01.12,00:00,3560.8,3607.8,3490.5,3583.8,37309
2014.01.19,00:00,3582.3,3633.1,3528.8,3529.0,40628
2014.01.26,00:00,3529.3,3542.8,3452.3,3514.8,73902
2014.02.02,00:00,3514.5,3557.5,3410.0,3556.8,121611
2014.02.09,00:00,3559.8,3665.8,3548.3,3658.6,79737
2014.02.16,00:00,3658.3,3684.6,3636.3,3662.6,66971
2014.02.23,00:00,3664.3,3720.3,3653.0,3697.1,80017
2014.03.02,00:00,3674.8,3738.3,3635.3,3702.8,89013
2014.03.09,00:00,3698.0,3723.8,3624.0,3626.0,90750
2014.03.16,00:00,3626.5,3710.8,3606.7,3637.5,82368
2014.03.23,00:00,3635.8,3654.8,3533.3,3561.8,116897
2014.03.30,00:00,3574.5,3666.8,3520.7,3537.0,95092
2014.04.06,00:00,3538.5,3597.3,3429.2,3442.5,140633
2014.04.13,00:00,3431.3,3540.3,3403.3,3521.8,116434
2014.04.20,00:00,3524.5,3616.0,3514.5,3529.0,92161
2014.04.27,00:00,3532.0,3603.3,3478.7,3577.5,108921
2014.05.04,00:00,3578.8,3601.6,3495.8,3547.0,107954
2014.05.11,00:00,3546.8,3622.1,3538.3,3580.8,93972
2014.05.18,00:00,3588.0,3589.0,3584.0,3585.0,124
2014.05.25,00:00,3676.5,3738.3,3675.5,3729.0,50454
2014.06.01,00:00,3732.8,3796.3,3705.5,3795.6,65375
2014.06.08,00:00,3797.3,3804.3,3749.8,3774.0,54287
2014.06.15,00:00,3773.0,3809.0,3755.2,3791.0,59640
2014.06.22,00:00,3790.5,3835.5,3779.2,3830.3,64493
2014.06.29,00:00,3829.3,3915.8,3825.8,3911.8,39417
2014.07.06,00:00,3911.0,3913.5,3829.7,3896.0,75566
2014.07.13,00:00,3896.3,3938.8,3852.3,3930.8,85096
2014.07.20,00:00,3927.5,3989.0,3907.7,3955.5,73959
2014.07.27,00:00,3952.8,3981.1,3845.3,3871.8,103122
2014.08.03,00:00,3874.0,3913.5,3824.5,3872.5,103071
2014.08.10,00:00,3872.0,3992.3,3872.0,3983.0,66184
2014.08.17,00:00,3991.8,4058.6,3990.3,4053.8,48088
2014.08.24,00:00,4053.3,4083.8,4052.5,4076.3,41589
2014.08.31,00:00,4076.0,4111.8,4050.0,4087.5,55626
2014.09.07,00:00,4085.3,4108.3,4051.3,4065.5,69911
2014.09.14,00:00,4059.8,4116.6,4010.3,4085.6,66023
2014.09.21,00:00,4087.0,4090.3,3996.2,4044.2,81518
2014.09.28,00:00,4043.5,4062.5,3925.7,4014.7,96553
2014.10.05,00:00,4016.5,4045.5,3849.0,3850.5,135414
2014.10.12,00:00,3847.0,3883.8,3682.2,3803.5,200859
2014.10.19,00:00,3811.5,4036.3,3791.5,4034.8,133730
2014.10.26,00:00,4033.8,4161.3,4007.5,4141.6,101669
2014.11.02,00:00,4146.3,4176.8,4117.8,4149.6,93396
2014.11.09,00:00,4150.0,4224.8,4142.0,4222.3,74410
2014.11.16,00:00,4220.3,4282.1,4189.5,4247.6,79607
2014.11.23,00:00,4248.3,4345.8,4246.0,4335.8,52444
2014.11.30,00:00,4328.8,4333.3,4271.5,4312.3,97366
2014.12.07,00:00,4311.3,4318.3,4186.0,4189.0,138620
2014.12.14,00:00,4188.5,4304.0,4084.0,4282.0,69787
2014.12.21,00:00,4284.0,4321.0,4272.0,4312.0,9390
2014.12.28,00:00,4313.0,4320.0,4204.0,4219.0,13685
2015.01.04,00:00,4217.0,4257.0,4087.0,4207.0,35210
2015.01.11,00:00,4208.0,4253.0,4047.0,4142.0,45908
2015.01.18,00:00,4144.0,4291.0,4115.0,4271.0,31593
2015.01.25,00:00,4254.0,4283.0,4101.0,4148.0,37297
2015.02.01,00:00,4152.0,4270.0,4092.0,4234.0,35663
2015.02.08,00:00,4221.0,4383.0,4204.0,4380.0,27268
2015.02.15,00:00,4375.0,4444.0,4364.0,4439.0,17882
2015.02.22,00:00,4440.0,4463.0,4427.0,4446.0,16213
2015.03.01,00:00,4447.0,4482.0,4389.0,4405.0,19745
2015.03.08,00:00,4412.0,4424.0,4287.0,4312.0,25998
2015.03.15,00:00,4311.0,4478.0,4298.0,4454.0,22560
2015.03.22,00:00,4452.0,4467.0,4276.0,4331.0,26209
2015.03.29,00:00,4334.0,4386.0,4269.0,4315.0,22774
2015.04.05,00:00,4274.0,4422.2,4271.0,4421.7,102059
2015.04.12,00:00,4421.9,4447.6,4331.6,4355.6,112733
2015.04.19,00:00,4365.2,4542.7,4359.9,4536.8,119981
2015.04.26,00:00,4539.3,4561.7,4392.9,4474.2,128999
2015.05.03,00:00,4477.6,4509.9,4337.3,4452.7,146513
2015.05.10,00:00,4454.7,4510.1,4377.7,4491.9,121987
2015.05.17,00:00,4494.1,4543.2,4473.6,4528.3,92268
2015.05.24,00:00,4529.5,4550.8,4456.2,4516.8,91965
2015.05.31,00:00,4514.7,4540.2,4449.5,4482.2,143328
2015.06.07,00:00,4480.6,4511.7,4390.8,4454.9,120779
2015.06.14,00:00,4442.8,4545.1,4393.9,4508.4,117438
2015.06.21,00:00,4520.3,4560.7,4467.1,4488.5,112747
2015.06.28,00:00,4427.5,4458.4,4376.7,4423.3,138322
2015.07.05,00:00,4368.3,4455.3,4339.6,4416.9,180448
2015.07.12,00:00,4389.4,4660.7,4382.6,4658.5,103533
2015.07.19,00:00,4656.3,4693.7,4551.5,4570.2,115419
2015.07.26,00:00,4568.7,4616.3,4504.0,4592.0,146462
2015.08.02,00:00,4590.9,4635.2,4484.7,4520.9,145514
2015.08.09,00:00,4518.0,4587.7,4435.7,4535.3,162558
2015.08.16,00:00,4535.5,4574.5,4196.5,4196.6,184056
2015.08.23,00:00,4184.9,4342.7,3905.4,4330.7,358659
2015.08.30,00:00,4325.5,4329.8,4120.3,4193.7,304024
2015.09.06,00:00,4182.6,4369.9,4182.5,4327.6,210475
2015.09.13,00:00,4328.1,4450.1,4290.5,4332.2,195719
2015.09.20,00:00,4332.9,4372.4,4197.1,4217.0,243479
2015.09.27,00:00,4214.2,4273.7,4051.9,4272.0,351544
2015.10.04,00:00,4267.8,4378.4,4261.2,4365.3,282953
2015.10.11,00:00,4363.4,4446.7,4327.6,4446.3,226306
2015.10.18,00:00,4442.4,4644.8,4402.9,4618.7,237016
2015.10.25,00:00,4620.7,4697.8,4600.1,4654.4,214561
2015.11.01,00:00,4651.7,4736.3,4633.2,4706.2,206881
2015.11.08,00:00,4700.2,4713.4,4495.0,4495.0,228870
2015.11.15,00:00,4477.2,4691.7,4456.4,4689.8,229299
2015.11.22,00:00,4688.8,4706.5,4620.1,4683.8,146831
2015.11.29,00:00,4683.4,4739.2,4578.6,4714.2,223151
2015.12.06,00:00,4722.4,4728.9,4528.3,4535.8,285737
2015.12.13,00:00,4533.3,4687.3,4477.0,4516.9,142841
2015.12.20,00:00,4520.4,4634.9,4518.2,4615.3,76616
2015.12.27,00:00,4615.9,4702.3,4576.9,4598.0,65279
2016.01.03,00:00,4597.4,4611.2,4264.2,4269.3,168527
2016.01.10,00:00,4271.1,4372.0,4083.7,4152.5,183173
2016.01.17,00:00,4132.7,4260.9,3992.1,4255.4,305732
2016.01.24,00:00,4248.8,4278.2,4110.7,4271.4,300881
2016.01.31,00:00,4272.5,4317.7,4006.8,4026.3,286209
2016.02.07,00:00,4020.6,4052.0,3868.3,4019.5,653466
2016.02.14,00:00,4014.0,4230.1,4014.0,4163.2,385466
2016.02.21,00:00,4152.4,4295.9,4087.8,4231.4,392891
2016.02.28,00:00,4227.9,4359.9,4182.2,4320.7,364281
2016.03.06,00:00,4318.6,4361.1,4230.0,4355.2,373931
2016.03.13,00:00,4350.4,4420.5,4337.3,4404.7,265667
2016.03.20,00:00,4396.4,4448.7,4373.1,4409.6,216146
2016.03.27,00:00,4412.4,4536.5,4381.1,4535.2,256048
2016.04.03,00:00,4527.5,4549.5,4457.0,4475.2,294130
2016.04.10,00:00,4469.8,4569.0,4432.5,4543.7,280899
2016.04.17,00:00,4539.9,4590.8,4439.1,4475.0,265579
2016.04.24,00:00,4466.2,4497.8,4304.5,4343.4,273221
2016.05.01,00:00,4337.3,4386.2,4275.8,4337.5,282824
2016.05.08,00:00,4334.6,4407.7,4308.3,4327.0,263478
2016.05.15,00:00,4321.6,4396.2,4282.4,4364.5,275820
2016.05.22,00:00,4364.3,4513.5,4343.4,4512.9,197639
2016.05.29,00:00,4514.0,4537.4,4479.2,4507.2,179234
2016.06.05,00:00,4506.0,4546.1,4446.4,4465.4,162590
2016.06.12,00:00,4451.8,4463.1,4361.9,4372.3,269241
2016.06.19,00:00,4366.1,4503.2,4224.2,4269.8,344502
2016.06.26,00:00,4255.5,4454.8,4177.7,4443.1,318777
2016.07.03,00:00,4441.1,4531.0,4373.5,4525.0,233178
2016.07.10,00:00,4525.7,4616.1,4523.8,4569.8,202725
2016.07.17,00:00,4583.0,4672.4,4581.1,4667.4,143179
2016.07.24,00:00,4661.8,4744.2,4648.9,4735.9,188236
2016.07.31,00:00,4731.0,4802.0,4689.9,4789.1,172983
2016.08.07,00:00,4783.2,4814.8,4770.6,4810.6,112037
2016.08.14,00:00,4802.2,4839.1,4773.4,4809.8,123737
2016.08.21,00:00,4803.6,4837.6,4757.8,4785.3,178611
2016.08.28,00:00,4777.8,4817.9,4749.7,4798.1,170826
2016.09.04,00:00,4792.8,4839.6,4667.0,4669.8,161540
2016.09.11,00:00,4659.5,4826.7,4629.2,4818.5,301726
2016.09.18,00:00,4811.7,4898.3,4786.1,4862.9,189191
2016.09.25,00:00,4857.5,4891.5,4807.1,4872.5,224608
2016.10.02,00:00,4866.9,4893.1,4839.6,4865.0,191318
2016.10.09,00:00,4860.6,4906.5,4760.9,4809.4,202308
2016.10.16,00:00,4804.3,4863.4,4787.7,4852.1,165331
2016.10.23,00:00,4846.9,4926.4,4794.3,4811.6,188281
2016.10.30,00:00,4807.9,4837.5,4655.4,4664.4,226053
2016.11.06,00:00,4721.4,4884.5,4562.2,4745.8,443290
2016.11.13,00:00,4752.8,4842.4,4677.7,4811.4,272997
2016.11.20,00:00,4806.8,4886.8,4804.0,4872.4,128332
2016.11.27,00:00,4860.4,4899.3,4709.5,4736.8,208635
2016.12.04,00:00,4713.7,4902.7,4703.8,4899.7,215449
2016.12.11,00:00,4899.7,4967.3,4857.9,4919.5,226348
2016.12.18,00:00,4919.4,4972.2,4918.6,4946.1,108129
2016.12.25,00:00,4944.0,5000.7,4856.3,4870.5,109512
2017.01.01,00:00,4886.3,5022.4,4884.5,5010.3,140603
2017.01.08,00:00,5006.8,5068.6,4995.8,5067.3,172253
2017.01.15,00:00,5059.4,5088.2,5030.9,5067.1,144462
2017.01.22,00:00,5062.6,5174.9,5036.9,5170.3,140127
2017.01.29,00:00,5148.4,5167.9,5089.8,5161.4,172984
2017.02.05,00:00,5162.1,5235.3,5145.9,5230.6,128880
2017.02.12,00:00,5228.3,5326.9,5227.0,5326.9,123217
2017.02.19,00:00,5321.5,5361.3,5299.4,5342.5,99990
2017.02.26,00:00,5340.0,5399.1,5317.1,5371.6,142537
2017.03.05,00:00,5368.3,5395.2,5333.7,5383.2,125993
2017.03.12,00:00,5383.0,5436.6,5360.3,5404.8,105949
2017.03.19,00:00,5402.0,5438.7,5313.9,5371.8,186316
2017.03.26,00:00,5356.2,5451.8,5316.3,5436.8,157808
2017.04.02,00:00,5428.6,5480.2,5381.7,5420.3,185997
2017.04.09,00:00,5416.6,5443.1,5348.4,5357.1,170799
2017.04.16,00:00,5351.3,5455.1,5347.7,5439.7,150008
2017.04.23,00:00,5469.6,5601.4,5469.6,5583.1,145175
2017.04.30,00:00,5582.6,5652.8,5577.2,5652.6,125338
2017.05.07,00:00,5657.1,5688.5,5635.0,5686.7,128558
2017.05.14,00:00,5683.0,5724.4,5548.7,5652.4,202608
2017.05.21,00:00,5650.1,5794.4,5647.6,5791.8,146479
2017.05.28,00:00,5790.1,5886.4,5762.0,5884.8,131803
2017.06.04,00:00,5877.3,5903.4,5665.1,5740.8,188486
2017.06.11,00:00,5743.8,5784.4,5638.2,5684.6,296354
2017.06.18,00:00,5688.3,5812.6,5680.1,5806.3,218235
2017.06.25,00:00,5801.3,5850.3,5600.0,5654.9,303238
2017.07.02,00:00,5657.5,5689.6,5560.4,5655.8,225175
2017.07.09,00:00,5659.7,5848.0,5650.0,5847.1,197583
2017.07.16,00:00,5843.7,5939.3,5820.9,5921.3,179904
2017.07.23,00:00,5920.0,5997.9,5847.6,5916.0,200137
2017.07.30,00:00,5909.2,5951.0,5860.2,5901.2,207912
2017.08.06,00:00,5901.5,5976.2,5762.3,5838.8,245375
2017.08.13,00:00,5842.4,5948.3,5771.6,5796.5,228376
2017.08.20,00:00,5809.2,5883.5,5752.4,5825.2,226835
2017.08.27,00:00,5806.0,6020.2,5777.2,5988.8,210037
2017.09.03,00:00,5961.7,5986.3,5891.5,5919.7,231921
2017.09.10,00:00,5946.1,6012.4,5941.8,5994.1,181242
2017.09.17,00:00,5993.4,6014.9,5909.2,5933.6,185559
2017.09.24,00:00,5926.7,5984.3,5840.6,5978.7,221453
2017.10.01,00:00,5979.0,6069.5,5957.4,6063.7,145790
2017.10.08,00:00,6058.5,6104.1,6038.3,6099.9,145252
2017.10.15,00:00,6099.6,6134.0,6053.0,6113.0,149488
2017.10.22,00:00,6109.3,6228.5,6014.1,6220.0,168647
2017.10.29,00:00,6210.4,6300.5,6196.2,6292.1,166865
2017.11.05,00:00,6284.3,6354.4,6248.3,6308.4,181239
2017.11.12,00:00,6311.3,6353.3,6227.4,6304.5,210192
2017.11.19,00:00,6309.6,6412.0,6287.2,6410.2,123504
2017.11.26,00:00,6410.4,6424.9,6242.8,6339.7,301960
2017.12.03,00:00,6387.8,6387.8,6228.8,6340.1,326011
2017.12.10,00:00,6347.1,6485.1,6338.1,6482.6,229487
2017.12.17,00:00,6482.3,6525.9,6446.0,6464.9,184905
2017.12.24,00:00,6467.9,6470.0,6373.8,6378.0,104544
2017.12.31,00:00,6392.8,6658.1,6388.3,6655.4,135027
2018.01.07,00:00,6657.7,6767.9,6617.7,6766.5,189872
2018.01.14,00:00,6774.5,6844.8,6719.4,6839.7,260095
2018.01.21,00:00,6821.7,7024.7,6813.2,7023.8,308700
2018.01.28,00:00,7022.4,7038.8,6746.2,6749.2,461603
2018.02.04,00:00,6749.9,6808.0,6163.3,6420.6,772181
2018.02.11,00:00,6436.9,6853.8,6413.1,6776.2,522034
2018.02.18,00:00,6784.1,6908.4,6689.8,6902.6,406532
2018.02.25,00:00,6920.4,7003.5,6642.9,6804.9,601992
2018.03.04,00:00,6792.6,7100.4,6740.0,7094.1,524493
2018.03.11,00:00,7101.1,7186.2,7000.3,7021.1,457406
2018.03.18,00:00,7018.8,7020.1,6507.1,6529.7,661136
2018.03.25,00:00,6530.8,6834.5,6408.1,6558.7,629733
2018.04.01,00:00,6552.9,6644.5,6296.4,6442.2,676101
2018.04.08,00:00,6457.8,6706.3,6452.8,6633.0,469249
2018.04.15,00:00,6681.6,6862.6,6634.7,6673.7,418657
2018.04.22,00:00,6703.2,6770.4,6427.7,6666.9,539426
2018.04.29,00:00,6662.2,6786.8,6537.5,6774.7,391052
2018.05.06,00:00,6772.6,6975.6,6768.6,6956.9,351833
2018.05.13,00:00,6963.7,7010.8,6852.2,6868.8,298871
2018.05.20,00:00,6918.4,6999.7,6826.0,6955.2,355856
2018.05.27,00:00,6985.9,7089.3,6888.8,7081.6,356861
2018.06.03,00:00,7073.1,7234.1,7068.9,7151.2,316791
2018.06.10,00:00,7127.7,7297.6,7124.2,7257.9,309604
2018.06.17,00:00,7250.2,7335.5,7136.1,7201.9,425264
2018.06.24,00:00,7197.2,7202.6,6937.9,7054.5,584868
2018.07.01,00:00,7054.6,7220.2,6969.9,7214.9,400804
2018.07.08,00:00,7213.1,7398.1,7188.6,7376.4,390555
2018.07.15,00:00,7387.1,7422.0,7278.1,7343.1,390212
2018.07.22,00:00,7354.0,7516.8,7252.0,7289.0,430181
2018.07.29,00:00,7280.6,7405.3,7156.8,7392.7,477097
2018.08.05,00:00,7395.1,7496.5,7378.2,7416.9,339193
2018.08.12,00:00,7411.6,7468.9,7307.7,7376.9,455679
2018.08.19,00:00,7380.1,7490.0,7341.6,7486.6,317456
2018.08.26,00:00,7490.9,7689.4,7490.4,7660.7,291104
2018.09.02,00:00,7663.0,7687.1,7389.1,7434.9,458435
2018.09.09,00:00,7428.7,7595.9,7401.6,7542.4,432978
2018.09.16,00:00,7532.5,7610.4,7395.2,7524.3,368097
2018.09.23,00:00,7508.2,7662.2,7449.3,7639.7,367800
2018.09.30,00:00,7648.3,7706.3,7325.7,7414.6,514921
2018.10.07,00:00,7426.1,7436.3,6891.3,7158.3,814498
2018.10.14,00:00,7162.3,7354.8,7044.1,7095.2,733270
2018.10.21,00:00,7061.9,7199.2,6725.5,6884.0,983820
2018.10.28,00:00,6880.9,7135.4,6573.0,6971.2,940587
2018.11.04,00:00,6964.8,7220.1,6859.5,7021.7,719823
2018.11.11,00:00,7014.8,7095.7,6702.2,6884.2,868718
2018.11.18,00:00,6865.0,6926.1,6442.5,6524.8,651276
2018.11.25,00:00,6537.4,6963.9,6524.9,6961.7,647624
2018.12.02,00:00,7079.7,7137.0,6593.1,6626.4,734342
2018.12.09,00:00,6588.7,6872.3,6535.5,6587.9,705598
2018.12.16,00:00,6579.3,6633.9,6009.4,6053.1,708139
2018.12.23,00:00,6012.8,6385.4,5870.3,6278.0,434440
2018.12.30,00:00,6321.5,6447.6,6122.4,6416.6,574034
2019.01.06,00:00,6430.5,6631.2,6390.7,6602.3,678762
2019.01.13,00:00,6582.7,6816.1,6510.6,6789.6,585023
2019.01.20,00:00,6779.5,6802.7,6584.0,6788.4,544397
2019.01.27,00:00,6772.3,6936.7,6611.4,6873.8,598363
2019.02.03,00:00,6853.0,7033.1,6833.3,6917.3,341632
2019.02.10,00:00,6917.8,7086.4,6889.1,7059.3,436312
2019.02.17,00:00,7053.8,7104.5,6996.1,7090.0,400990
2019.02.24,00:00,7104.1,7162.2,7042.8,7152.4,522519
2019.03.03,00:00,7169.5,7205.3,6934.3,7024.8,603542
2019.03.10,00:00,7017.4,7329.6,6995.4,7314.4,452006
2019.03.17,00:00,7305.1,7514.9,7292.1,7331.7,524027
2019.03.24,00:00,7348.1,7419.8,7249.9,7387.0,620160
2019.03.31,00:00,7404.7,7590.5,7403.7,7583.6,436341
2019.04.07,00:00,7580.1,7642.0,7536.8,7629.3,369038
2019.04.14,00:00,7627.1,7714.1,7577.9,7696.8,286253
2019.04.21,00:00,7692.1,7864.1,7652.8,7828.4,378919
2019.04.28,00:00,7824.0,7860.5,7671.2,7859.4,404760
2019.05.05,00:00,7731.3,7805.8,7421.5,7597.1,767887
2019.05.12,00:00,7530.5,7627.7,7279.4,7498.8,695378
2019.05.19,00:00,7498.4,7547.9,7258.2,7304.6,624448
2019.05.26,00:00,7303.3,7363.3,7122.5,7131.2,550695
2019.06.02,00:00,7101.0,7447.0,6936.8,7419.2,667535
2019.06.09,00:00,7470.9,7597.2,7418.1,7479.9,552080
2019.06.16,00:00,7481.9,7794.3,7479.9,7723.8,507623
2019.06.23,00:00,7714.1,7768.3,7584.6,7697.7,485633
2019.06.30,00:00,7784.5,7882.5,7734.9,7831.2,356649
2019.07.07,00:00,7833.0,7944.8,7721.7,7938.9,429862
2019.07.14,00:00,7938.2,7980.4,7810.4,7811.9,409298
2019.07.21,00:00,7816.0,8035.3,7811.5,8004.9,434977
2019.07.28,00:00,8007.5,8018.1,7637.7,7694.3,622059
2019.08.04,00:00,7681.3,7727.8,7217.7,7660.4,931670
2019.08.11,00:00,7654.2,7780.2,7379.8,7602.3,849262
2019.08.18,00:00,7619.6,7770.7,7439.5,7481.9,637346
2019.08.25,00:00,7406.3,7765.1,7353.1,7664.9,711747
2019.09.01,00:00,7668.4,7892.5,7576.6,7863.4,505580
2019.09.08,00:00,7868.9,7980.0,7744.4,7886.8,499166
2019.09.15,00:00,7825.2,7954.6,7777.2,7807.6,445573
2019.09.22,00:00,7858.1,7884.1,7622.0,7692.9,494180
2019.09.29,00:00,7732.2,7824.5,7455.5,7755.5,520283
2019.10.06,00:00,7700.8,7906.6,7572.6,7848.1,538925
2019.10.13,00:00,7840.1,7986.0,7797.1,7874.0,428882
2019.10.20,00:00,7864.6,8036.9,7805.5,8035.4,406885
2019.10.27,00:00,8049.8,8165.5,8018.6,8163.1,336823
2019.11.03,00:00,8169.8,8277.4,8159.2,8253.8,347987
2019.11.10,00:00,8257.6,8318.5,8203.5,8318.0,393374
2019.11.17,00:00,8312.7,8376.7,8224.2,8275.3,412407
2019.11.24,00:00,8305.4,8453.7,8292.5,8416.8,269746
2019.12.01,00:00,8428.3,8454.0,8166.0,8398.0,478600
2019.12.08,00:00,8404.5,8523.8,8295.7,8495.5,457107
2019.12.15,00:00,8514.1,8700.4,8506.8,8686.6,307042
2019.12.22,00:00,8685.5,8821.4,8684.7,8758.8,130996
2019.12.29,00:00,8758.2,8886.5,8672.1,8792.4,323857
2020.01.05,00:00,8751.4,9040.2,8663.1,8965.0,539901
2020.01.12,00:00,8974.6,9177.2,8969.8,9159.9,433873
2020.01.19,00:00,9162.7,9278.8,9102.0,9134.3,424419
2020.01.26,00:00,9047.3,9240.6,8920.4,9006.7,738723
2020.02.02,00:00,8978.4,9459.9,8977.5,9392.3,784078
2020.02.09,00:00,9387.2,9651.4,9322.0,9627.4,650403
2020.02.16,00:00,9631.8,9754.1,9404.5,9448.0,606236
2020.02.23,00:00,9339.8,9357.9,8121.4,8554.0,1352700
2020.03.01,00:00,8539.7,8995.2,8244.3,8501.1,1347287
2020.03.08,00:00,8306.1,8377.0,6944.8,7846.3,961485
2020.03.15,00:00,7639.8,7656.7,6822.2,6900.5,838422
2020.03.22,00:00,6747.2,7896.6,6623.3,7568.6,1093960
2020.03.29,00:00,7418.5,7997.0,7380.6,7523.4,925746
2020.04.05,00:00,7620.8,8328.9,7599.3,8239.3,784629
2020.04.12,00:00,8286.5,8972.1,8078.7,8814.9,841572
2020.04.19,00:00,8805.0,8850.1,8350.3,8774.2,821343
2020.04.26,00:00,8802.0,9152.9,8661.3,8713.0,739149
2020.05.03,00:00,8617.6,9244.0,8567.7,9230.8,687326
2020.05.10,00:00,9191.6,9351.5,8853.2,9119.2,867797
2020.05.17,00:00,9143.0,9512.2,9114.4,9426.1,717014
2020.05.24,00:00,9398.1,9609.0,9178.6,9588.6,668276
2020.05.31,00:00,9491.1,9846.0,9452.4,9810.3,687680
2020.06.07,00:00,9819.2,10155.8,9494.7,9654.4,843330
2020.06.14,00:00,9536.8,10122.5,9381.2,9937.2,848611
2020.06.21,00:00,9890.5,10306.5,9835.8,9856.1,876453
2020.06.28,00:00,9813.7,10429.7,9741.4,10337.2,694453
2020.07.05,00:00,10357.8,10856.2,10350.6,10851.9,838811
2020.07.12,00:00,10858.7,11068.1,10369.6,10638.0,975303
2020.07.19,00:00,10630.9,11067.1,10314.9,10475.3,896217
2020.07.26,00:00,10493.7,10950.4,10414.1,10930.9,839231
2020.08.02,00:00,10947.3,11291.6,10889.7,11138.4,747520
2020.08.09,00:00,11148.6,11270.8,10853.2,11154.1,785340
2020.08.16,00:00,11153.0,11576.8,11153.0,11567.3,644677
2020.08.23,00:00,11590.3,12049.9,11532.8,12007.5,830449
2020.08.30,00:00,12011.6,12467.7,11142.9,11549.3,1064067
2020.09.06,00:00,11544.4,11585.1,10937.0,11067.3,996043
2020.09.13,00:00,11114.5,11548.7,10764.9,10946.6,941431
2020.09.20,00:00,10938.3,11237.8,10675.2,11147.8,1147520
2020.09.27,00:00,11160.2,11607.2,11154.1,11269.5,980993
2020.10.04,00:00,11327.5,11749.8,11211.4,11734.9,771214
2020.10.11,00:00,11734.0,12256.4,11699.6,11805.7,960987
2020.10.18,00:00,11829.9,11962.3,11524.9,11683.7,906631
2020.10.25,00:00,11645.9,11708.8,10959.0,11101.5,1057406
2020.11.01,00:00,11046.7,12125.3,10955.5,12095.6,1131573
2020.11.08,00:00,12150.4,12416.8,11511.8,11952.0,1096582
2020.11.15,00:00,11963.0,12100.7,11806.1,11902.5,765512
2020.11.22,00:00,11895.8,12307.9,11810.7,12269.8,550796
2020.11.29,00:00,12287.3,12539.1,12086.9,12507.3,698704
2020.12.06,00:00,12524.4,12672.5,12219.3,12374.3,751500
2020.12.13,00:00,12405.9,12786.7,12387.9,12749.7,714191
2020.12.20,00:00,12760.2,12781.8,12464.3,12708.3,680214
2020.12.27,00:00,12682.1,12923.2,12662.8,12891.2,531122
2021.01.03,00:00,12894.3,13132.1,12500.9,13131.3,1008790
2021.01.10,00:00,13101.7,13113.7,12753.7,12773.8,828190
2021.01.17,00:00,12781.2,13431.7,12735.3,13367.5,661732
2021.01.24,00:00,13378.8,13607.0,12843.0,12890.8,1188427
2021.01.31,00:00,12859.2,13643.6,12738.8,13611.3,903765
2021.02.07,00:00,13628.7,13824.2,13525.9,13824.1,738189
2021.02.14,00:00,13833.8,13905.4,13473.7,13576.8,776084
2021.02.21,00:00,13588.1,13632.0,12669.2,12902.4,1436897
2021.02.28,00:00,12961.2,13330.8,12210.8,12656.2,1423590
2021.03.07,00:00,12718.0,13119.0,12287.4,12937.0,1201115
2021.03.14,00:00,12950.1,13296.6,12699.3,12846.6,1103848
2021.03.21,00:00,12827.6,13184.6,12623.5,12974.9,987236
2021.03.28,00:00,12987.2,13402.7,12793.9,13356.3,723568
2021.04.04,00:00,13349.4,13849.1,13321.1,13821.2,700504
2021.04.11,00:00,13827.5,14065.8,13743.7,14034.8,777601
2021.04.18,00:00,13998.5,14061.7,13711.4,13915.5,847880
2021.04.25,00:00,13929.6,14075.9,13831.4,13882.3,749361
2021.05.02,00:00,13890.5,13957.9,13392.8,13727.8,808559
2021.05.09,00:00,13723.9,13758.8,12922.1,13405.9,1020077
2021.05.16,00:00,13368.4,13572.7,12959.8,13416.6,821671
2021.05.23,00:00,13387.2,13765.7,13360.1,13689.8,693898
2021.05.30,00:00,13699.4,13784.6,13465.0,13760.9,621849
2021.06.06,00:00,13773.7,13998.0,13691.5,13989.4,699902
2021.06.13,00:00,13997.3,14211.4,13839.6,14024.8,741418
2021.06.20,00:00,14028.7,14430.1,13967.8,14339.1,742185
2021.06.27,00:00,14360.2,14736.5,14343.4,14708.4,666547
2021.07.04,00:00,14712.3,14892.6,14549.2,14820.8,741401
2021.07.11,00:00,14832.7,15003.4,14666.2,14677.1,796742
2021.07.18,00:00,14684.3,15126.3,14451.6,15100.9,846520
2021.07.25,00:00,15107.5,15142.9,14783.7,14970.7,890585
2021.08.01,00:00,14979.6,15183.8,14861.5,15100.5,752579
2021.08.08,00:00,15101.3,15168.4,14949.8,15131.0,649037
2021.08.15,00:00,15126.3,15145.6,14713.8,15097.7,906156
2021.08.22,00:00,15092.3,15447.5,15090.8,15428.4,675898
2021.08.29,00:00,15437.1,15697.4,15424.4,15651.7,658083
2021.09.05,00:00,15654.6,15707.8,15433.1,15447.2,644557
2021.09.12,00:00,15445.4,15564.8,15291.5,15301.5,782862
2021.09.19,00:00,15296.9,15356.9,14820.2,15329.7,895606
2021.09.26,00:00,15322.3,15410.9,14549.5,14786.8,1030399
2021.10.03,00:00,14796.2,15010.9,14382.3,14820.2,1028722
2021.10.10,00:00,14822.2,15153.9,14597.6,15150.8,857427
2021.10.17,00:00,15157.3,15495.6,15051.3,15336.7,771231
2021.10.24,00:00,15337.6,15870.7,15309.8,15869.0,858054
2021.10.31,00:00,15896.0,16457.3,15780.7,16353.7,728287
2021.11.07,00:00,16298.9,16400.8,15903.9,16207.9,798977
2021.11.14,00:00,16217.3,16628.9,16089.7,16585.9,750349
2021.11.21,00:00,16600.5,16768.4,15991.6,16042.0,819442
2021.11.28,00:00,16046.6,16457.3,15540.8,15685.3,1168626
2021.12.05,00:00,15718.3,16435.4,15561.9,16317.9,890431
2021.12.12,00:00,16324.4,16457.7,15658.3,15831.1,996506
2021.12.19,00:00,15814.8,16360.5,15501.9,16306.5,698637
2021.12.26,00:00,16315.0,16660.3,16309.9,16333.8,680896
2022.01.02,00:00,16358.6,16569.0,15522.9,15584.5,970827
2022.01.09,00:00,15600.3,16020.5,15162.5,15625.2,1094274
2022.01.16,00:00,15618.0,15646.8,14422.5,14432.4,1112019
2022.01.23,00:00,14423.0,14652.1,13719.6,14444.9,1449333
2022.01.30,00:00,14469.0,15276.1,14368.8,14655.9,1163187
2022.02.06,00:00,14697.8,15078.4,14192.5,14271.3,1137744
2022.02.13,00:00,14260.4,14674.8,13915.5,14010.9,1252313
2022.02.20,00:00,13962.3,14203.2,13030.5,14200.4,1361933
2022.02.27,00:00,13851.5,14394.5,13692.4,13801.5,1299482
2022.03.06,00:00,13764.9,13881.5,13105.1,13316.3,1321990
2022.03.13,00:00,13368.8,14442.7,12943.6,14435.8,1123836
2022.03.20,00:00,14410.0,14837.9,14191.1,14749.5,1069585
2022.03.27,00:00,14755.7,15265.3,14657.2,14835.0,1094110
2022.04.03,00:00,14852.8,15189.8,14307.1,14324.7,1068225
2022.04.10,00:00,14342.2,14367.2,13875.2,13891.9,917209
2022.04.17,00:00,13892.2,14294.0,13297.0,13318.7,1152406
2022.04.24,00:00,13336.0,13581.6,12803.7,12888.7,1355727
2022.05.01,00:00,12894.1,13555.8,12520.0,12672.9,1276723
2022.05.08,00:00,12604.3,12637.5,11689.6,12360.2,1330844
2022.05.15,00:00,12407.5,12588.4,11489.9,11832.5,1232591
2022.05.22,00:00,11864.4,12717.7,11580.5,12712.0,1183749
2022.05.29,00:00,12706.3,12941.5,12439.3,12552.1,1030632
2022.06.05,00:00,12547.1,12805.5,11822.1,11854.9,1069990
2022.06.12,00:00,11765.1,11768.8,11036.6,11269.6,1212678
2022.06.19,00:00,11297.3,12113.5,11239.8,12078.4,990051
2022.06.26,00:00,12103.3,12226.6,11316.8,11583.7,1141023
2022.07.03,00:00,11579.2,12180.9,11355.7,12128.2,969084
2022.07.10,00:00,12119.0,12119.0,11448.6,11988.3,1116864
2022.07.17,00:00,12016.9,12673.4,11832.6,12400.9,1023102
2022.07.24,00:00,12421.0,12985.8,12045.7,12950.7,967537
2022.07.31,00:00,12960.9,13361.6,12795.0,13194.5,985556
2022.08.07,00:00,13208.3,13562.3,12943.0,13558.5,910571
2022.08.14,00:00,13553.0,13721.5,13210.3,13228.3,889543
2022.08.21,00:00,13207.4,13207.4,12546.4,12547.3,916486
2022.08.28,00:00,12474.2,12646.4,12009.7,12121.1,1101829
2022.09.04,00:00,12107.1,12610.4,11918.3,12589.1,911559
2022.09.11,00:00,12624.8,12867.5,11707.8,11870.8,1023409
2022.09.18,00:00,11849.4,12067.2,11168.2,11325.9,1069451
2022.09.25,00:00,11303.0,11547.4,10967.5,10993.8,1324252
2022.10.02,00:00,10974.0,11667.9,10836.4,11040.3,1193445
2022.10.09,00:00,11013.4,11200.0,10431.1,10697.9,1220937
2022.10.16,00:00,10675.8,11378.4,10670.6,11332.1,1202771
2022.10.23,00:00,11348.4,11686.1,10885.8,11576.7,1239934
2022.10.30,00:00,11543.5,11578.4,10602.7,10838.2,1112087
2022.11.06,00:00,10752.4,11841.2,10719.2,11799.6,1149296
2022.11.13,00:00,11755.9,12083.0,11490.0,11679.9,1119233
2022.11.20,00:00,11708.5,11908.6,11496.1,11762.2,747219
2022.11.27,00:00,11710.1,12115.7,11446.7,11959.3,1035735
2022.12.04,00:00,11992.0,11995.6,11410.3,11544.3,997622
2022.12.11,00:00,11548.6,12201.7,11169.1,11213.2,987549
2022.12.18,00:00,11223.3,11305.6,10780.2,10977.1,1004576
2022.12.25,00:00,11024.6,11090.3,10668.4,10955.8,708262
2023.01.01,00:00,11040.6,11097.3,10674.9,11026.5,825398
2023.01.08,00:00,11050.0,11549.8,11017.7,11533.3,929878
2023.01.15,00:00,11546.2,11689.2,11248.4,11614.4,804360
2023.01.22,00:00,11618.2,12249.7,11547.8,12165.0,896807
2023.01.29,00:00,12156.6,12893.7,11815.9,12566.1,1040634
2023.02.05,00:00,12520.4,12770.7,12201.5,12298.9,1023157
2023.02.12,00:00,12313.8,12746.7,12222.4,12348.8,983300
2023.02.19,00:00,12340.1,12381.3,11896.8,11974.6,839260
2023.02.26,00:00,11979.6,12306.9,11808.6,12306.9,945946
2023.03.05,00:00,12286.6,12467.8,11788.4,11882.9,1021725
2023.03.12,00:00,11890.4,12673.1,11682.7,12517.5,1228257
2023.03.19,00:00,12588.6,12947.5,12397.3,12793.6,1059057
2023.03.26,00:00,12790.8,13187.7,12516.8,13186.2,849703
2023.04.02,00:00,13137.6,13225.2,12843.4,13071.5,708815
2023.04.09,00:00,13066.2,13151.6,12819.8,13098.3,824498
2023.04.16,00:00,13112.1,13198.6,12895.6,12987.4,819931
2023.04.23,00:00,12981.7,13258.7,12719.9,13250.9,866589
2023.04.30,00:00,13241.3,13291.3,12937.9,13245.1,850216
2023.05.07,00:00,13249.2,13433.8,13139.9,13315.0,798341
2023.05.14,00:00,13319.8,13904.7,13291.7,13786.3,803990
2023.05.21,00:00,13750.8,14328.3,13519.5,14321.3,904564
2023.05.28,00:00,14397.3,14595.3,14208.3,14554.2,802098
2023.06.04,00:00,14543.2,14671.7,14233.6,14547.7,874248
2023.06.11,00:00,14539.6,15281.4,14538.9,15113.6,879761
2023.06.18,00:00,15122.4,15136.6,14789.4,14886.3,785607
2023.06.25,00:00,14895.0,15216.3,14687.5,15157.2,879844
2023.07.02,00:00,15178.2,15277.1,14968.4,15046.1,627937
2023.07.09,00:00,15049.3,15721.8,14921.5,15561.8,826407
2023.07.16,00:00,15555.9,15931.5,15408.6,15438.2,839182
2023.07.23,00:00,15442.4,15794.3,15374.1,15739.6,904337
2023.07.30,00:00,15741.8,15811.9,15248.4,15286.4,963720
2023.08.06,00:00,15289.6,15415.9,14968.2,15039.2,955552
2023.08.13,00:00,15034.8,15267.1,14553.5,14688.7,1010834
2023.08.20,00:00,14708.1,15366.4,14666.2,14930.1,964883
2023.08.27,00:00,14963.6,15628.4,14933.9,15484.9,841690
2023.09.03,00:00,15492.8,15558.4,15136.2,15302.1,743554
2023.09.10,00:00,15292.1,15520.2,15171.3,15199.6,900868
2023.09.17,00:00,15196.9,15270.3,14668.7,14703.4,886149
2023.09.24,00:00,14719.1,14905.3,14430.3,14743.9,1017395
2023.10.01,00:00,14810.2,15021.4,14443.1,14997.1,1101911
2023.10.08,00:00,14879.2,15336.5,14813.8,14983.1,1001741
2023.10.15,00:00,15000.8,15211.3,14544.8,14553.9,1004098
2023.10.22,00:00,14593.1,14847.6,14057.3,14187.3,973916
2023.10.29,00:00,14242.4,15149.3,14221.9,15109.3,844144
2023.11.05,00:00,15112.9,15543.7,15061.6,15513.1,738019
2023.11.12,00:00,15518.8,15976.6,15399.7,15815.3,753597
2023.11.19,00:00,15836.1,16124.9,15777.3,15968.4,579143
2023.11.26,00:00,15964.7,16167.2,15823.1,15999.7,889030
2023.12.03,00:00,15989.6,16102.4,15691.8,16075.3,951396
2023.12.10,00:00,16074.9,16676.1,16029.6,16604.4,954868
2023.12.17,00:00,16608.8,16862.3,16548.6,16768.1,922029
2023.12.24,00:00,16766.4,16972.1,16752.0,16822.0,564265
2023.12.31,00:00,16831.4,16851.1,16177.1,16307.1,773124
2024.01.07,00:00,16311.8,16910.7,16220.8,16808.8,1048294
2024.01.14,00:00,16815.1,17339.1,16558.7,17336.7,986979
2024.01.21,00:00,17335.3,17666.7,17286.2,17390.1,1086227
2024.01.28,00:00,17389.4,17680.8,17116.3,17603.9,1086126
2024.02.04,00:00,17602.1,17988.9,17464.9,17954.3,950230
2024.02.11,00:00,17959.4,18041.3,17475.8,17658.4,1008802
2024.02.18,00:00,17666.8,18095.3,17315.2,17917.4,949860
2024.02.25,00:00,17918.9,18334.2,17790.7,18280.6,952360
2024.03.03,00:00,18295.3,18418.2,17803.2,18038.1,700378
2024.03.10,00:00,18037.4,18245.6,17762.7,17812.6,671678
2024.03.17,00:00,17826.2,18467.2,17810.1,18326.4,776336
2024.03.24,00:00,18329.3,18386.4,18156.4,18243.3,560959
2024.03.31,00:00,18283.7,18391.9,17862.8,18107.4,772277
2024.04.07,00:00,18151.3,18338.6,17865.7,17999.4,833964
2024.04.14,00:00,17979.1,18177.7,16970.4,17029.4,1016342
2024.04.21,00:00,17081.8,17772.1,17006.7,17709.8,880905
2024.04.28,00:00,17740.8,17935.9,17283.6,17912.9,831270
2024.05.05,00:00,17937.9,18250.6,17875.6,18143.5,663287
2024.05.12,00:00,18146.6,18672.6,18072.6,18544.4,716129
2024.05.19,00:00,18543.4,18948.9,18543.4,18801.1,686775
2024.05.26,00:00,18803.1,18910.3,18187.9,18523.1,715627
2024.06.02,00:00,18535.9,19116.5,18387.7,18994.9,825118
2024.06.09,00:00,18988.3,19677.1,18938.4,19665.9,827501
2024.06.16,00:00,19670.8,20085.3,19622.6,19734.1,711174
2024.06.23,00:00,19737.9,20026.6,19460.2,19724.6,857704
2024.06.30,00:00,19724.8,20404.8,19570.2,20368.3,679900
2024.07.07,00:00,20355.4,20758.5,20120.7,20323.3,832104
2024.07.14,00:00,20356.5,20593.1,19467.6,19514.3,1119294
2024.07.21,00:00,19572.7,19912.4,18719.5,19015.0,1235600
2024.07.28,00:00,19046.6,19574.2,18247.8,18387.7,1358878
2024.08.04,00:00,18236.8,18555.8,17235.5,18478.9,1322833
2024.08.11,00:00,18472.8,19578.3,18406.5,19510.1,979633
2024.08.18,00:00,19524.3,19940.1,19431.8,19699.1,952225
2024.08.25,00:00,19710.1,19773.8,19079.5,19535.7,1044130
2024.09.01,00:00,19559.0,19635.7,18297.4,18304.6,1055168
2024.09.08,00:00,18386.3,19556.3,18355.7,19486.8,1129373
2024.09.15,00:00,19500.9,19962.5,19290.7,19777.5,1032475
2024.09.22,00:00,19809.9,20318.9,19728.2,19978.4,974449
2024.09.29,00:00,19986.2,20126.3,19613.8,20007.2,1038001
2024.10.06,00:00,20045.5,20325.5,19716.1,20235.7,714806
2024.10.13,00:00,20261.7,20509.3,20042.7,20327.0,651067
2024.10.20,00:00,20350.4,20569.5,19936.3,20337.7,663682
2024.10.27,00:00,20406.8,20665.8,19888.5,20044.6,755844
2024.11.03,00:00,20011.3,21163.0,19903.5,21128.5,756521
2024.11.10,00:00,21190.0,21247.5,20322.1,20418.5,734716
2024.11.17,00:00,20412.3,20833.4,20309.1,20807.0,821920
2024.11.24,00:00,20878.6,21020.3,20620.5,20940.7,576871
2024.12.01,00:00,20960.3,21633.6,20898.7,21600.1,600242
2024.12.08,00:00,21608.0,21889.4,21328.8,21745.3,609511
2024.12.15,00:00,21770.8,22142.0,20710.7,21250.6,817605
2024.12.22,00:00,21330.2,21832.3,21188.6,21444.6,528503
2024.12.29,00:00,21466.1,21477.7,20730.6,21233.0,609799
2025.01.05,00:00,21296.2,21654.7,20647.2,20765.9,735605
2025.01.12,00:00,20764.3,21474.7,20477.4,21382.3,810321
2025.01.19,00:00,21422.6,21909.2,21189.3,21726.6,666255
2025.01.26,00:00,21569.5,21812.9,20599.3,21407.5,897686
2025.02.02,00:00,20844.8,21839.7,20836.3,21450.2,823728
2025.02.09,00:00,21347.2,22113.6,21344.4,22098.3,689869
2025.02.16,00:00,22122.6,22226.0,21566.0,21570.2,605355
2025.02.23,00:00,21628.5,21736.1,20396.3,20842.3,916312
2025.03.02,00:00,20928.4,21067.5,19722.4,20162.0,1030537
2025.03.09,00:00,20069.0,20119.4,19113.3,19645.1,1007859
2025.03.16,00:00,19637.3,19947.3,19390.7,19754.0,861890
2025.03.23,00:00,19858.7,20340.4,19180.8,19182.4,790793
2025.03.30,00:00,19144.0,19860.9,17210.2,17321.4,1093412
2025.04.06,00:00,16754.3,19222.2,16290.3,18662.9,1231935
2025.04.13,00:00,18973.8,19105.1,17971.8,18285.6,824002
2025.04.20,00:00,18193.6,19457.5,17570.0,19428.9,949543
2025.04.27,00:00,19379.4,20171.9,18996.1,20087.6,893054
2025.05.04,00:00,20087.0,20248.2,19588.6,20056.7,877680
2025.05.11,00:00,20374.7,21452.2,20296.8,21313.1,815736
2025.05.18,00:00,21258.4,21492.7,20666.0,20878.3,854255
2025.05.25,00:00,20913.3,21812.5,20900.7,21314.8,747253
2025.06.01,00:00,21270.3,21896.0,21125.8,21773.7,769012
2025.06.08,00:00,21791.1,22073.7,21455.2,21631.5,788210
2025.06.15,00:00,21554.0,21987.9,21426.1,21652.3,722759
2025.06.22,00:00,21375.1,22615.0,21375.1,22537.1,686567
2025.06.29,00:00,22566.4,22907.8,22391.1,22716.2,544284
2025.07.06,00:00,22788.3,22935.1,22599.4,22771.9,639877
2025.07.13,00:00,22664.8,23167.8,22643.9,23073.6,622923
2025.07.20,00:00,23082.8,23345.8,22971.9,23311.2,572152
2025.07.27,00:00,23416.7,23729.5,22677.4,22761.4,691465
2025.08.03,00:00,22759.8,23670.6,22717.5,23660.5,706706
2025.08.10,00:00,23669.3,23986.2,23499.9,23716.4,614858
2025.08.17,00:00,23743.4,23810.3,22970.2,23514.5,666753
2025.08.24,00:00,23535.7,23753.8,23317.6,23415.0,624567
2025.08.31,00:00,23432.2,23867.6,22989.6,23640.1,649570
2025.09.07,00:00,23651.2,24141.8,23623.9,24096.2,610219
2025.09.14,00:00,24101.1,24648.8,23997.5,24617.0,627758
2025.09.21,00:00,24616.6,24796.9,24200.0,24507.1,676862
2025.09.28,00:00,24519.2,24992.0,24426.3,24781.2,672070
2025.10.05,00:00,24821.4,25207.1,24004.1,24027.1,692285
2025.10.12,00:00,24540.5,25014.8,24248.8,24870.2,1011920
2025.10.19,00:00,24937.5,25428.2,24660.1,25373.7,750098
2025.10.26,00:00,25617.0,26276.8,25569.8,25866.9,797038
2025.11.02,00:00,25904.9,26154.3,24610.2,25121.9,1003537
2025.11.09,00:00,25268.5,25742.2,24541.7,25048.3,996182
2025.11.16,00:00,25062.8,25285.0,23834.1,24279.7,1237113
2025.11.23,00:00,24465.4,25448.2,24300.9,25432.9,717701
2025.11.30,00:00,25463.6,25831.7,25151.4,25699.8,843528
2025.12.07,00:00,25724.9,25843.5,25100.7,25185.1,822763
2025.12.14,00:00,25213.1,25398.0,24643.3,25352.9,953343
2025.12.21,00:00,25412.3,25714.5,25379.4,25640.9,401960
2025.12.28,00:00,25660.7,25681.7,25062.7,25181.4,507026
2026.01.04,00:00,25235.1,25808.5,25213.0,25750.1,762310
2026.01.11,00:00,25756.5,25764.4,25461.6,25522.0,70807
